City_ID,City,Country,Lat,Lng,Max Temp,Humidity,Cloudiness,Wind Speed,Current Description
0,Torbay,NE,47.6666,-52.7314,30.0,93,90,21.85,overcast clouds
1,Mataura,NE,-46.1927,168.8643,48.0,80,23,8.01,few clouds
2,Winslow,NE,35.0242,-110.6974,21.2,79,1,4.03,clear sky
3,Los Llanos De Aridane,NE,28.6585,-17.9182,68.0,68,40,13.8,scattered clouds
4,Culiacan,NE,24.7994,-107.3897,66.99,82,1,2.04,clear sky
5,Nome,NE,64.5011,-165.4064,-9.4,64,1,5.75,clear sky
6,Puerto Ayora,NE,-0.7393,-90.3518,82.4,69,0,11.5,clear sky
7,Jojoima,NE,7.8792,-10.7878,96.73,29,20,2.3,few clouds
8,Cairns,NE,-16.9167,145.7667,75.2,83,100,5.7,overcast clouds
9,Ushuaia,NE,-54.8,-68.3,51.8,62,40,23.02,scattered clouds
10,Kiunga,NE,-6.1219,141.2906,73.36,97,100,1.9,overcast clouds
11,Hilo,NE,19.7297,-155.09,66.2,94,90,8.05,light rain
12,Ponta Do Sol,NE,32.6667,-17.1,64.0,70,46,3.0,scattered clouds
13,Cabo San Lucas,NE,22.8909,-109.9124,68.0,82,1,3.44,clear sky
14,Farafangana,NE,-22.8167,47.8333,82.36,76,0,12.55,clear sky
15,Tautira,NE,-17.7333,-149.15,77.0,73,75,4.61,light rain
16,Saskylakh,NE,71.9167,114.0833,-39.28,77,4,7.7,clear sky
17,Dickinson,NE,29.4608,-95.0513,68.0,77,90,10.36,overcast clouds
18,Albany,NE,42.6001,-73.9662,12.0,66,40,19.57,scattered clouds
19,Bengkulu,NE,-3.8004,102.2655,76.66,88,100,6.06,light rain
20,Vanimo,NE,-2.6741,141.3028,79.29,83,100,8.03,moderate rain
21,Vaini,NE,-21.2,-175.2,73.4,94,90,6.91,light rain
22,Padang,NE,-0.9492,100.3543,78.1,73,99,5.64,overcast clouds
23,Vao,NE,-22.6667,167.4833,76.12,76,46,17.27,scattered clouds
24,Butaritari,NE,3.0707,172.7902,80.65,77,93,16.8,overcast clouds
25,Pinheiro Machado,NE,-31.5783,-53.3811,86.0,75,64,4.0,broken clouds
26,Bay-Khaak,NE,51.1667,94.5,10.76,86,79,7.99,broken clouds
27,Qaanaaq,NE,77.484,-69.3632,-8.18,67,99,1.14,overcast clouds
28,Najran,NE,17.4924,44.1277,77.0,22,0,4.61,clear sky
29,Rikitea,NE,-23.1203,-134.9692,78.75,74,81,10.11,light rain
30,Avera,NE,33.194,-82.5271,42.8,61,1,6.91,clear sky
31,Lebu,NE,-37.6167,-73.65,61.41,71,3,7.11,clear sky
32,Atuona,NE,-9.8,-139.0333,78.28,77,48,16.71,light rain
33,Tasiilaq,NE,65.6145,-37.6368,15.8,48,40,17.27,scattered clouds
34,Jamestown,NE,42.097,-79.2353,23.0,93,90,2.55,light snow
35,Bredasdorp,NE,-34.5322,20.0403,75.0,65,0,5.99,clear sky
36,Shenjiamen,NE,29.9576,122.298,50.4,78,48,15.05,scattered clouds
37,Surt,NE,31.2089,16.5887,69.87,42,0,6.58,clear sky
38,Longyearbyen,NE,78.2186,15.6401,-2.2,50,20,20.71,few clouds
39,Teya,NE,60.3778,92.6267,-39.39,76,13,1.81,few clouds
40,Hithadhoo,NE,-0.6,73.0833,82.56,75,99,13.87,overcast clouds
41,Carballo,NE,43.213,-8.691,53.01,80,91,11.99,overcast clouds
42,Bubaque,NE,11.2833,-15.8333,80.8,46,0,5.17,clear sky
43,Bukama,NE,-9.2,25.85,85.91,66,34,0.85,scattered clouds
44,Mahebourg,NE,-20.4081,57.7,82.4,74,75,10.36,broken clouds
45,Bandarbeyla,NE,9.4942,50.8122,75.2,68,0,14.7,clear sky
46,Cherskiy,NE,68.75,161.3,-36.06,83,2,1.97,clear sky
47,Bathsheba,NE,13.2167,-59.5167,82.4,65,40,18.41,scattered clouds
48,Cap Malheureux,NE,-19.9842,57.6142,82.0,76,0,7.0,clear sky
49,Cape Town,NE,-33.9258,18.4232,78.8,47,20,9.22,few clouds
50,Hazorasp,NE,41.3194,61.0742,44.6,53,90,4.61,haze
51,Conceicao Do Araguaia,NE,-8.2578,-49.2647,85.24,67,100,4.94,overcast clouds
52,Thompson,NE,55.7435,-97.8558,10.4,92,90,2.3,light snow
53,Hermanus,NE,-34.4187,19.2345,75.0,65,0,5.99,clear sky
54,Senanga,NE,-16.1167,23.2667,83.77,59,18,5.57,few clouds
55,Kapaa,NE,22.0752,-159.319,71.6,88,40,13.8,light rain
56,Voh,NE,-20.9667,164.7,72.61,84,72,4.41,broken clouds
57,Talnakh,NE,69.4865,88.3972,-30.82,70,0,5.23,clear sky
58,Castro,NE,-24.7911,-50.0119,68.02,93,99,4.83,moderate rain
59,Kuusamo,NE,65.9667,29.1833,10.4,85,90,5.75,light snow
60,Barabai,NE,-2.5833,115.3833,75.42,90,100,2.01,overcast clouds
61,Flinders,NE,-34.5833,150.8552,73.0,87,49,8.01,scattered clouds
62,Suluq,NE,31.6682,20.2521,64.92,64,0,14.72,clear sky
63,Kununurra,NE,-15.7667,128.7333,78.8,100,100,5.75,light rain
64,Sao Jose Da Coroa Grande,NE,-8.8978,-35.1478,83.7,65,99,10.51,overcast clouds
65,Geraldton,NE,-28.7667,114.6,73.4,78,0,5.75,clear sky
66,Avarua,NE,-21.2078,-159.775,77.0,83,40,4.61,scattered clouds
67,Amapa,NE,1.0,-52.0,79.77,90,79,5.01,broken clouds
68,Khatanga,NE,71.9667,102.5,-44.97,77,3,1.16,clear sky
69,Bluff,NE,-46.6,168.3333,48.0,80,40,8.01,scattered clouds
70,Dunkwa,NE,5.9656,-1.78,91.42,47,54,1.43,broken clouds
71,Kozhevnikovo,NE,56.2589,83.9714,-23.01,79,19,3.71,few clouds
72,Yellowknife,NE,62.456,-114.3525,-22.0,76,20,5.75,few clouds
73,Saint Anthony,NE,45.0205,-93.218,28.99,68,75,8.05,light snow
74,Airai,NE,-8.9266,125.4092,62.53,100,100,6.76,moderate rain
75,Cedral,NE,23.8,-100.7333,57.31,58,15,1.19,few clouds
76,Punta Arenas,NE,-53.15,-70.9167,55.4,50,75,26.46,broken clouds
77,Salisbury,NE,51.0693,-1.7957,43.0,100,90,20.71,light rain
78,Ribeira Grande,NE,38.5167,-28.7,64.4,94,75,20.71,broken clouds
79,Adrar,NE,20.5022,-10.0711,85.91,12,0,13.27,clear sky
80,Ilulissat,NE,69.2167,-51.1,1.4,55,20,6.91,few clouds
81,Mezen,NE,65.8522,44.24,18.34,97,100,7.7,light snow
82,Chokurdakh,NE,70.6333,147.9167,-29.24,85,0,6.62,clear sky
83,Mar Del Plata,NE,-38.0023,-57.5575,64.4,68,90,17.27,overcast clouds
84,Naze,NE,28.3667,129.4833,51.31,64,0,7.27,clear sky
85,Ulcinj,NE,41.9294,19.2244,57.2,67,20,10.36,few clouds
86,Soskovo,NE,52.7475,35.3828,24.71,97,100,9.98,light snow
87,Sao Joao Da Barra,NE,-21.6403,-41.0511,89.6,40,0,16.11,clear sky
88,Korhogo,NE,9.45,-5.6333,98.38,9,0,6.87,clear sky
89,Narsaq,NE,60.9167,-46.05,39.2,33,90,31.07,overcast clouds
90,Vilhena,NE,-12.7406,-60.1458,80.6,78,75,9.22,broken clouds
91,Clyde River,NE,70.4692,-68.5914,-18.4,76,1,5.75,clear sky
92,Kodiak,NE,57.79,-152.4072,32.0,55,1,17.27,clear sky
93,Tuatapere,NE,-46.1333,167.6833,48.0,80,61,8.01,broken clouds
94,Labuhan,NE,-6.8844,112.2051,78.03,85,100,7.83,light rain
95,Araouane,NE,18.9048,-3.5265,85.6,12,22,7.58,few clouds
96,Slave Lake,NE,55.2834,-114.769,-7.6,84,1,6.91,mist
97,Awbari,NE,26.5921,12.7805,74.3,20,0,4.27,clear sky
98,Ovalle,NE,-30.5983,-71.2003,82.63,27,0,5.44,clear sky
99,Chapais,NE,49.7834,-74.8492,-4.0,71,90,6.91,light snow
100,Dallas,NE,32.7668,-96.7836,57.2,88,90,10.36,mist
101,Kahului,NE,20.8947,-156.47,68.0,76,75,12.66,broken clouds
102,Saldanha,NE,-33.0117,17.9442,69.17,75,0,14.07,clear sky
103,Nanortalik,NE,60.1432,-45.2371,33.93,85,100,13.51,overcast clouds
104,Kayerkan,NE,69.3497,87.7602,-32.4,72,0,2.28,clear sky
105,Georgetown,NE,5.4112,100.3354,82.99,83,20,5.75,few clouds
106,Yeppoon,NE,-23.1333,150.7333,77.0,78,90,6.91,overcast clouds
107,Jacqueville,NE,5.2052,-4.4146,87.8,74,20,10.36,few clouds
108,Barrow,NE,71.2906,-156.7887,-5.8,71,90,10.36,light snow
109,Jizan,NE,17.3333,42.6667,82.4,74,20,9.22,few clouds
110,Bethel,NE,41.3712,-73.414,17.01,57,1,5.75,clear sky
111,Hambantota,NE,6.1241,81.1185,77.0,100,40,3.44,scattered clouds
112,Pevek,NE,69.7008,170.3133,-32.1,85,55,3.74,broken clouds
113,Palana,NE,59.1167,159.9667,2.17,93,100,26.02,overcast clouds
114,Champerico,NE,14.3,-91.9167,80.6,74,12,3.74,few clouds
115,Cavalcante,NE,-13.7975,-47.4583,83.53,51,21,7.67,few clouds
116,Cidreira,NE,-30.1811,-50.2056,85.24,68,7,1.77,clear sky
117,Faanui,NE,-16.4833,-151.75,80.13,71,63,3.06,light rain
118,Kaitangata,NE,-46.2817,169.8464,50.0,88,13,1.99,few clouds
119,Nalut,NE,30.3333,10.85,71.96,20,0,11.88,clear sky
120,Havre,NE,49.5833,0.3333,51.8,87,90,8.05,overcast clouds
121,Raudeberg,NE,61.9875,5.1352,32.0,93,75,4.61,snow
122,Nikolskoye,NE,59.7035,30.7861,30.2,93,75,4.47,heavy snow
123,Souillac,NE,-20.5167,57.5167,82.4,74,75,10.36,broken clouds
124,Kulhudhuffushi,NE,6.6221,73.07,81.91,66,96,7.18,overcast clouds
125,Novobirilyussy,NE,56.9514,90.6661,-29.22,84,0,1.34,clear sky
126,Juneau,NE,58.3019,-134.4197,30.0,86,90,6.58,overcast clouds
127,Busselton,NE,-33.65,115.3333,72.0,56,0,3.0,clear sky
128,Bambous Virieux,NE,-20.3428,57.7575,82.4,74,75,10.36,broken clouds
129,Byron Bay,NE,-28.65,153.6167,75.2,83,75,3.44,broken clouds
130,Meulaboh,NE,4.1363,96.1285,78.06,76,78,1.97,broken clouds
131,Vila Velha,NE,-20.3297,-40.2925,90.0,55,20,14.97,few clouds
132,Ust-Tsilma,NE,65.441,52.1498,4.64,93,100,10.47,light snow
133,Fuling,NE,29.7022,107.3919,53.8,61,100,1.88,overcast clouds
134,Nove Mesto Na Morave,NE,49.5614,16.0742,27.0,80,99,4.0,overcast clouds
135,Upernavik,NE,72.7868,-56.1549,-9.63,87,3,8.81,clear sky
136,Takoradi,NE,4.8845,-1.7554,84.07,70,7,10.07,light rain
137,Khor,NE,47.8861,134.9464,-18.24,87,70,5.97,broken clouds
138,Kalabo,NE,-14.97,22.6814,82.71,61,85,5.55,light rain
139,Strelka,NE,58.0728,93.0344,-31.52,80,3,2.62,clear sky
140,Jalu,NE,29.0331,21.5482,76.01,25,0,12.73,clear sky
141,Namibe,NE,-15.1961,12.1522,82.4,57,40,11.5,scattered clouds
142,Severobaykalsk,NE,55.65,109.3167,-16.33,82,37,4.85,scattered clouds
143,Puerto Gaitan,NE,4.3133,-72.0816,89.49,40,12,17.96,few clouds
144,Hobart,NE,-42.8794,147.3294,54.0,81,0,4.54,clear sky
145,Lucerna,NE,47.0505,8.3064,41.0,100,90,2.3,light rain
146,Bud,NE,39.447,-86.1758,30.99,73,100,14.43,overcast clouds
147,Trois-Rivieres,NE,46.3501,-72.5491,6.8,66,0,4.61,clear sky
148,Chara,NE,56.9064,118.2631,-33.88,74,81,0.81,broken clouds
149,Sambava,NE,-14.2667,50.1667,81.48,75,40,4.29,light rain
150,San Vicente,NE,-26.6167,-54.1333,73.58,88,100,6.96,overcast clouds
151,Bitung,NE,1.4451,125.1824,77.0,94,20,2.3,few clouds
152,San Patricio,NE,28.017,-97.5169,72.0,88,75,23.02,broken clouds
153,Necochea,NE,-38.5473,-58.7368,68.0,47,100,16.84,overcast clouds
154,Yulara,NE,-25.2406,130.9889,89.6,33,90,12.66,overcast clouds
155,Kamaishi,NE,39.2667,141.8833,26.1,89,2,5.93,clear sky
156,Saint-Philippe,NE,-21.3585,55.7679,84.2,61,0,10.36,clear sky
157,Porto Novo,NE,6.4965,2.6036,89.6,70,20,11.5,few clouds
158,Te Anau,NE,-45.4167,167.7167,43.74,84,39,1.57,scattered clouds
159,Ust-Kuyga,NE,70.0167,135.6,-39.05,79,100,1.7,overcast clouds
160,East London,NE,-33.0153,27.9116,77.0,73,40,10.36,scattered clouds
161,Chuy,NE,-33.6971,-53.4616,84.25,52,0,8.79,clear sky
162,Aksu,NE,41.1231,80.2644,23.45,79,0,2.86,clear sky
163,Klaksvik,NE,62.2266,-6.589,33.8,93,90,11.5,snow
164,Lompoc,NE,34.6391,-120.4579,46.0,100,40,5.75,scattered clouds
165,Kandalaksha,NE,67.162,32.4123,12.99,95,100,4.18,light snow
166,Zonguldak,NE,41.25,31.8333,39.0,89,100,8.1,overcast clouds
167,Daru,NE,-9.0763,143.2092,77.45,91,100,10.18,overcast clouds
168,Nijar,NE,36.9665,-2.206,64.4,72,20,23.02,few clouds
169,Marsa Matruh,NE,31.3525,27.2453,73.4,35,22,20.71,few clouds
170,Utica,NE,43.1009,-75.2327,10.4,61,90,4.61,overcast clouds
171,Saint George,NE,37.1041,-113.5841,34.0,93,90,3.44,fog
172,Vila Franca Do Campo,NE,37.7167,-25.4333,62.6,94,75,17.27,broken clouds
173,Sioux Lookout,NE,50.1001,-91.917,15.8,86,90,6.91,overcast clouds
174,Atasu,NE,48.6814,71.6433,23.31,90,100,11.56,overcast clouds
175,Edd,NE,13.9297,41.6925,78.51,60,0,8.68,clear sky
176,Kloulklubed,NE,7.0419,134.2556,78.8,78,75,6.91,broken clouds
177,New Norfolk,NE,-42.7826,147.0587,54.0,80,3,2.93,clear sky
178,Tura,NE,25.5198,90.2201,53.85,38,0,1.66,clear sky
179,Salalah,NE,17.0151,54.0924,73.4,56,20,5.75,few clouds
180,Zabid,NE,14.1951,43.3152,80.69,55,18,4.63,few clouds
181,Keelung,NE,25.1283,121.7419,64.0,77,20,8.05,few clouds
182,Pavlogradka,NE,54.2024,73.5592,11.62,94,100,9.51,overcast clouds
183,Port Alfred,NE,-33.5906,26.891,73.99,81,0,1.99,clear sky
184,Coahuayana,NE,18.7333,-103.6833,75.2,57,1,6.91,clear sky
185,Guerrero Negro,NE,27.9769,-114.0611,55.67,74,0,9.73,clear sky
186,Benghazi,NE,32.1167,20.0667,64.92,74,0,15.59,clear sky
187,Dingle,NE,10.9995,122.6711,72.34,89,100,11.05,overcast clouds
188,Puerto Del Rosario,NE,28.5004,-13.8627,68.0,73,0,16.11,clear sky
189,Suntar,NE,62.1444,117.6319,-39.32,80,100,2.82,overcast clouds
190,Lucapa,NE,-8.4192,20.7447,81.82,65,96,3.6,light rain
191,Iqaluit,NE,63.7506,-68.5145,-11.0,70,20,23.02,snow
192,Kalofer,NE,42.6167,24.9833,43.0,70,91,5.91,overcast clouds
193,Noumea,NE,-22.2763,166.4572,69.8,83,0,1.14,clear sky
194,Dakar,NE,14.6937,-17.4441,77.0,44,0,11.5,clear sky
195,Fairview,NE,40.8126,-73.999,23.0,49,1,12.66,clear sky
196,Tiksi,NE,71.6872,128.8694,-26.14,86,100,5.35,overcast clouds
197,Ambon,NE,-3.6954,128.1814,78.8,89,40,4.61,scattered clouds
198,Katsuura,NE,35.1333,140.3,41.0,48,20,6.91,few clouds
199,Kingsport,NE,36.5484,-82.5618,35.01,69,75,5.75,broken clouds
200,Kavaratti,NE,10.5669,72.642,81.7,69,76,8.16,broken clouds
201,Entre Rios,NE,-11.9419,-38.0844,83.52,63,95,7.81,overcast clouds
202,Udayagiri,NE,20.1333,84.3833,62.24,64,6,1.63,clear sky
203,Banjar,NE,-8.19,114.9675,78.8,89,75,20.71,moderate rain
204,Tolaga Bay,NE,-38.3667,178.3,57.06,82,64,10.16,broken clouds
205,Dovolnoye,NE,54.4958,79.6671,-5.91,89,26,10.0,scattered clouds
206,Letpadan,NE,17.7833,95.75,75.27,45,19,4.56,few clouds
207,Morondava,NE,-20.2833,44.2833,84.18,74,2,6.42,light rain
208,Pinawa,NE,50.1489,-95.8811,20.55,97,100,6.85,overcast clouds
209,Les Escoumins,NE,48.1111,-69.0236,6.8,66,100,14.97,overcast clouds
210,Panjab,NE,34.388,67.0233,20.37,86,43,1.39,scattered clouds
211,Fortuna,NE,40.5982,-124.1573,50.0,76,90,24.16,overcast clouds
212,Libenge,NE,3.65,18.6333,99.3,22,90,2.26,overcast clouds
213,Mingshui,NE,36.7167,117.5,48.99,33,100,8.25,overcast clouds
214,Nantucket,NE,41.2835,-70.0995,18.0,79,1,18.41,clear sky
215,Jaisalmer,NE,26.9147,70.9181,60.31,23,0,5.08,clear sky
216,Batemans Bay,NE,-35.7167,150.1833,66.0,91,100,1.01,overcast clouds
217,Kharp,NE,66.8014,65.8081,-28.98,82,100,4.7,overcast clouds
218,Kiama,NE,-34.6833,150.8667,73.0,92,57,3.0,broken clouds
219,Erzin,NE,36.9559,36.2,50.0,86,100,8.01,light rain
220,Labytnangi,NE,66.6572,66.4183,-26.95,84,100,5.88,overcast clouds
221,Warrnambool,NE,-38.3833,142.4833,55.72,80,3,5.28,clear sky
222,Nyurba,NE,63.2842,118.3319,-38.2,81,100,2.89,overcast clouds
223,Mezhdurechensk,NE,53.6942,88.0603,-8.84,87,6,0.85,clear sky
224,Severo-Kurilsk,NE,50.6789,156.125,23.52,94,100,27.36,light snow
225,Mbeya,NE,-8.9,33.45,68.16,88,100,1.5,moderate rain
226,Lorengau,NE,-2.0226,147.2712,81.18,81,100,11.41,overcast clouds
227,Nizhniy Kuranakh,NE,58.8353,125.4869,-37.37,78,96,2.15,overcast clouds
228,Coos Bay,NE,43.3665,-124.2179,48.99,99,100,1.99,overcast clouds
229,Diego De Almagro,NE,-26.3667,-70.05,80.24,20,0,9.13,clear sky
230,Kruisfontein,NE,-34.0033,24.7314,75.0,63,0,8.99,clear sky
231,Charters Towers,NE,-20.1,146.2667,74.68,81,97,7.4,overcast clouds
232,Kaeo,NE,-35.1,173.7833,55.0,90,0,5.01,clear sky
233,Esperance,NE,-33.8667,121.9,60.8,77,0,12.66,clear sky
234,Brae,NE,60.3964,-1.353,35.6,80,75,9.22,broken clouds
235,Cap-Aux-Meules,NE,47.3821,-61.8597,24.8,74,100,24.16,overcast clouds
236,Bilma,NE,18.6853,12.9164,80.24,14,40,6.51,scattered clouds
237,Shahrud,NE,36.4182,54.9763,45.05,54,100,3.6,overcast clouds
238,Lavrentiya,NE,65.5833,-171.0,-19.01,82,0,6.82,clear sky
239,Lasa,NE,46.6166,10.7002,44.01,75,0,5.75,clear sky
240,Kungurtug,NE,50.5994,97.5228,4.93,84,60,13.31,broken clouds
241,Svetlogorsk,NE,52.6333,29.7333,24.58,98,100,5.37,light snow
242,Cabedelo,NE,-6.9811,-34.8339,87.8,51,20,16.11,few clouds
243,Guantanamo,NE,20.1444,-75.2092,78.8,53,20,12.66,few clouds
244,Luena,NE,-11.7833,19.9167,82.4,61,40,8.05,moderate rain
245,Stockbridge,NE,33.5443,-84.2338,41.0,75,1,6.91,clear sky
246,Aasiaat,NE,68.7098,-52.8699,-0.81,84,24,5.3,few clouds
247,Carnarvon,NE,-24.8667,113.6333,84.2,58,36,12.66,scattered clouds
248,Fairbanks,NE,64.8378,-147.7164,-9.0,77,90,2.08,light snow
249,Arroyo,NE,41.6096,-4.7969,51.01,76,75,32.21,broken clouds
250,Lubango,NE,-14.9172,13.4925,68.0,71,75,8.05,light rain
251,Tuktoyaktuk,NE,69.4541,-133.0374,-36.4,67,40,3.44,scattered clouds
252,Imbituba,NE,-28.24,-48.6703,82.4,78,0,13.8,light rain
253,Tres Coracoes,NE,-21.6969,-45.2533,80.49,61,100,4.14,overcast clouds
254,Asau,NE,46.4333,26.4,43.0,46,100,9.86,overcast clouds
255,Alice Springs,NE,-23.7,133.8833,87.8,30,66,12.66,broken clouds
256,Buraydah,NE,26.326,43.975,60.8,51,0,5.75,clear sky
257,Kikwit,NE,-5.041,18.8162,81.75,77,100,5.7,light rain
258,Whitehaven,NE,54.549,-3.5841,36.0,68,99,11.99,overcast clouds
259,Koungou,NE,-12.7336,45.2042,78.8,89,79,3.44,moderate rain
260,Sibolga,NE,1.7427,98.7792,77.97,81,100,1.03,overcast clouds
261,Volksrust,NE,-27.3654,29.8818,72.09,77,50,3.31,light rain
262,Nara,NE,34.6851,135.8049,41.0,54,13,5.41,few clouds
263,Nabire,NE,-3.3667,135.4833,76.05,87,100,3.71,overcast clouds
264,Hamilton,NE,39.1834,-84.5333,30.2,59,1,3.44,clear sky
265,Norman Wells,NE,65.282,-126.8329,-27.4,68,90,2.3,overcast clouds
266,Umm Kaddadah,NE,13.6017,26.6876,78.19,16,0,18.95,clear sky
267,Rogers,NE,36.3668,-95.5836,48.99,100,90,9.22,moderate rain
268,Hualmay,NE,-11.0964,-77.6139,74.64,65,73,9.31,broken clouds
269,Baykit,NE,61.67,96.37,-34.35,75,7,2.55,clear sky
270,Comodoro Rivadavia,NE,-45.8667,-67.5,62.6,45,0,8.05,clear sky
271,Sur,NE,22.5667,59.5289,68.18,55,0,8.81,clear sky
272,High Level,NE,58.5169,-117.136,-20.2,76,20,3.44,few clouds
273,Tezu,NE,27.9167,96.1667,58.42,55,30,4.18,scattered clouds
274,Mekhe,NE,15.1097,-16.6218,96.8,17,0,6.91,clear sky
275,Sabang,NE,5.8933,95.3214,81.72,73,91,18.86,overcast clouds
276,Marystown,NE,47.1666,-55.1483,28.76,92,100,12.93,overcast clouds
277,Aswan,NE,24.0934,32.907,69.75,23,0,9.13,clear sky
278,Vieux-Habitants,NE,16.0589,-61.7659,82.4,61,40,9.22,scattered clouds
279,Bonthe,NE,7.5264,-12.505,87.93,56,38,10.65,scattered clouds
280,Babstovo,NE,48.1167,132.4833,-17.43,82,0,8.05,clear sky
281,Aklavik,NE,68.2191,-135.0107,-23.8,76,75,4.61,broken clouds
282,Okakarara,NE,-20.5833,17.4333,84.38,43,99,8.01,overcast clouds
283,Sergeyevka,NE,53.88,67.4158,19.99,94,100,7.18,overcast clouds
284,Itarema,NE,-2.9248,-39.9167,87.93,58,76,17.65,broken clouds
285,Grindavik,NE,63.8424,-22.4338,30.2,74,75,16.11,broken clouds
286,Miquelon,NE,47.0975,-56.3814,33.8,64,90,10.36,overcast clouds
287,Beidao,NE,34.5686,105.8933,28.99,62,96,11.99,overcast clouds
288,Isla Mujeres,NE,21.2311,-86.731,78.8,53,75,13.8,broken clouds
289,Arraial Do Cabo,NE,-22.9661,-42.0278,91.4,45,0,19.57,clear sky
290,Half Moon Bay,NE,37.4636,-122.4286,46.99,93,90,5.82,overcast clouds
291,Santa Rosa,NE,14.3122,121.1114,75.2,64,20,6.91,few clouds
292,Port Elizabeth,NE,-33.918,25.5701,75.2,64,0,14.97,clear sky
293,Petropavlovka,NE,50.6114,105.3196,1.83,90,68,3.27,broken clouds
294,Campos,NE,-21.75,-41.3,89.6,40,0,16.11,clear sky
295,Yenagoa,NE,4.9247,6.2642,94.3,38,91,5.48,overcast clouds
296,Thinadhoo,NE,0.5333,72.9333,81.93,79,100,15.95,overcast clouds
297,Pacific Grove,NE,36.6177,-121.9166,46.4,76,90,5.75,overcast clouds
298,Abnub,NE,27.2696,31.1511,64.4,42,0,4.61,clear sky
299,Codrington,NE,-38.2667,141.9667,54.91,82,8,3.98,clear sky
300,Grants Pass,NE,42.439,-123.3284,37.99,93,90,2.28,overcast clouds
301,Vicosa,NE,-20.7539,-42.8819,79.23,68,67,10.51,broken clouds
302,Mackay,NE,-21.15,149.2,80.6,78,75,19.57,broken clouds
303,Minden,NE,52.2833,8.9167,33.01,86,94,6.91,overcast clouds
304,Husavik,NE,66.0449,-17.3389,21.2,68,75,9.22,broken clouds
305,Dikson,NE,73.5069,80.5464,-35.37,83,47,9.75,scattered clouds
306,Payson,NE,40.0444,-111.7321,34.0,93,75,4.21,broken clouds
307,Riyadh,NE,24.6877,46.7219,68.0,26,0,10.36,clear sky
308,Dryden,NE,49.7833,-92.7503,17.6,86,90,6.91,light snow
309,San Cristobal,NE,7.7669,-72.225,78.8,65,40,8.05,scattered clouds
310,Eureka,NE,40.8021,-124.1637,50.0,71,90,12.66,overcast clouds
311,Mehamn,NE,71.0357,27.8492,26.08,96,100,22.17,light snow
312,Huarmey,NE,-10.0681,-78.1522,74.95,63,88,9.01,overcast clouds
313,Yantal,NE,56.8471,105.2542,-36.2,78,8,4.32,clear sky
314,Mombetsu,NE,44.3525,143.3525,21.99,83,100,8.99,light snow
315,Mecca,NE,21.4267,39.8261,74.53,30,8,12.46,clear sky
316,Oron,NE,4.8256,8.2343,89.76,51,98,10.69,overcast clouds
317,Tepusteca,NE,15.4167,-86.3167,73.4,88,40,3.44,scattered clouds
318,Sabha,NE,27.0377,14.4283,72.5,22,0,5.57,clear sky
319,Barberton,NE,-25.7884,31.0532,87.01,69,39,8.05,light rain
320,Waipawa,NE,-41.4122,175.5153,53.6,82,68,2.3,broken clouds
321,Raychikhinsk,NE,49.7838,129.4121,-30.26,83,0,4.27,clear sky
322,Eufaula,NE,31.8913,-85.1455,46.4,66,40,4.61,scattered clouds
323,Isangel,NE,-19.55,169.2667,73.4,94,75,9.06,broken clouds
324,Bandar-E Lengeh,NE,26.5579,54.8807,71.6,78,0,4.61,clear sky
325,Magalia,NE,39.8121,-121.5783,46.4,76,90,4.61,overcast clouds
326,Victoria,NE,22.2855,114.1577,64.0,70,0,16.24,clear sky
327,Kavieng,NE,-2.5744,150.7967,82.31,78,24,13.69,few clouds
328,Maniitsoq,NE,65.4167,-52.9,14.77,83,0,17.56,clear sky
329,Honiara,NE,-9.4333,159.95,78.78,81,99,4.99,overcast clouds
330,Blythe,NE,33.6103,-114.5964,39.2,93,1,8.05,clear sky
331,Ambagarh Chauki,NE,20.7833,80.7167,65.17,23,0,7.07,clear sky
332,Bojnurd,NE,37.4747,57.329,50.0,29,75,2.3,broken clouds
333,Nadym,NE,65.5333,72.5167,-26.46,83,100,17.22,overcast clouds
334,Umarkot,NE,25.3616,69.7362,59.34,34,0,1.57,clear sky
335,Pasni,NE,25.2631,63.471,70.36,64,0,12.77,clear sky
336,Denpasar,NE,-8.65,115.2167,78.8,89,75,20.71,heavy intensity rain
337,Havelock,NE,34.8791,-76.9013,37.99,47,1,10.36,clear sky
338,Ankang,NE,32.68,109.0172,50.13,46,99,1.07,overcast clouds
339,Demyansk,NE,57.643,32.466,26.74,97,100,7.96,light snow
340,Lac Du Bonnet,NE,50.2536,-96.0612,23.0,100,100,5.01,overcast clouds
341,Pangody,NE,65.85,74.4859,-28.93,83,100,13.15,overcast clouds
342,Nador,NE,35.174,-2.9287,66.2,59,0,20.71,clear sky
343,Bodden Town,NE,19.2833,-81.25,79.0,61,40,19.57,scattered clouds
344,Nacala,NE,-14.5428,40.6728,81.32,79,99,6.6,overcast clouds
345,Taguatinga,NE,-12.3857,-46.5711,92.23,36,17,7.16,few clouds
346,Saurimo,NE,-9.6608,20.3916,79.72,73,83,3.2,light rain
347,Riosucio,NE,5.4216,-75.7032,77.0,65,20,3.44,few clouds
348,Sao Paulo De Olivenca,NE,-3.3783,-68.8725,88.0,57,14,4.23,few clouds
349,Kapit,NE,2.0167,112.9333,75.16,95,100,1.74,overcast clouds
350,Beringovskiy,NE,63.05,179.3167,-15.59,88,100,13.38,overcast clouds
351,Manta,NE,-0.95,-80.7333,77.0,94,90,2.3,moderate rain
352,Macusani,NE,-14.0833,-70.4333,45.84,65,100,5.35,light rain
353,Saint-Augustin,NE,51.226,-58.6502,24.08,92,34,15.32,scattered clouds
354,Ewa Beach,NE,21.3156,-158.0072,71.6,83,40,3.44,scattered clouds
355,Varadero,NE,23.1536,-81.2514,71.6,56,75,9.22,broken clouds
356,Pangnirtung,NE,66.1451,-65.7125,-9.4,77,1,1.7,clear sky
357,Benguela,NE,-12.5763,13.4055,81.93,68,95,10.8,overcast clouds
358,Abu Samrah,NE,35.3029,37.1841,51.01,71,93,7.85,overcast clouds
359,Warri,NE,5.5167,5.75,93.07,45,53,9.89,broken clouds
360,Okato,NE,-39.2,173.8833,51.01,66,0,8.01,clear sky
361,Basar,NE,27.9833,94.6667,50.5,88,95,2.86,overcast clouds
362,Soyo,NE,-6.1349,12.3689,84.2,84,75,6.91,light rain
363,Komsomolskiy,NE,40.4272,71.7189,42.8,28,96,4.61,overcast clouds
364,Bijapur,NE,16.8333,75.7,74.97,33,0,2.3,clear sky
365,Iquira,NE,2.6487,-75.6346,77.61,58,89,3.0,overcast clouds
366,Harper,NE,4.375,-7.7169,83.86,72,60,9.44,light rain
367,Manggar,NE,-2.8833,108.2667,79.84,83,99,11.59,overcast clouds
368,Manicore,NE,-5.8092,-61.3003,80.6,78,20,3.44,few clouds
369,Manokwari,NE,-0.8667,134.0833,79.11,79,100,8.19,overcast clouds
370,Santa Cruz De Tenerife,NE,28.4682,-16.2546,71.01,72,20,12.66,few clouds
371,Plettenberg Bay,NE,-34.0527,23.3716,72.63,62,5,5.59,clear sky
372,Ternate,NE,0.8,127.4,78.17,81,100,10.8,overcast clouds
373,Pochutla,NE,15.7432,-96.4661,84.2,54,40,3.31,scattered clouds
374,Ahipara,NE,-35.1667,173.1667,55.62,77,0,4.63,clear sky
375,Faya,NE,18.3851,42.4509,66.2,55,0,6.91,clear sky
376,Sarangani,NE,5.4033,125.4636,81.55,76,100,25.3,light rain
377,Marzuq,NE,14.4,46.4667,69.71,46,0,7.34,clear sky
378,Ureki,NE,41.9956,41.7786,46.4,81,0,4.61,clear sky
379,Eyl,NE,7.9803,49.8164,74.91,73,0,18.52,clear sky
380,Brainerd,NE,46.358,-94.2008,24.8,74,90,4.61,haze
381,Willowmore,NE,-33.2926,23.4895,84.76,21,0,12.12,clear sky
382,Jacksonville,NE,30.3322,-81.6556,60.01,62,75,9.22,broken clouds
383,Mpophomeni,NE,-29.5682,30.1862,75.99,92,8,4.54,light rain
384,Belaya Gora,NE,68.5333,146.4167,-33.59,84,58,3.87,broken clouds
385,Kirkwall,NE,58.9848,-2.9587,39.2,65,75,9.22,broken clouds
386,Northam,NE,51.0333,-4.2167,48.0,94,100,14.0,overcast clouds
387,Kalachinsk,NE,55.0529,74.5751,7.45,96,98,9.69,overcast clouds
388,Taoudenni,NE,22.6783,-3.9836,87.26,12,0,6.33,clear sky
389,Cayenne,NE,4.9333,-52.3333,77.0,100,75,4.61,broken clouds
390,Dzilam Gonzalez,NE,21.2833,-88.9333,73.22,57,44,7.16,scattered clouds
391,Ulety,NE,51.3572,112.4849,-13.67,87,100,2.21,overcast clouds
392,Vostok,NE,46.4856,135.8833,-17.45,89,100,3.04,light snow
393,Gilbues,NE,-9.8317,-45.3439,92.14,35,0,9.15,clear sky
394,Valday,NE,57.9747,33.2525,24.42,98,100,7.34,overcast clouds
395,Kansanshi,NE,-12.0951,26.4273,75.56,76,100,2.21,light rain
396,Chopinzinho,NE,-25.8558,-52.5233,66.22,99,100,5.57,overcast clouds
397,Pathein,NE,16.7833,94.7333,72.63,60,8,5.08,clear sky
398,Praia,NE,14.9215,-23.5087,80.6,47,0,20.71,clear sky
399,Linares,NE,-35.85,-71.6,60.94,94,100,4.27,overcast clouds
400,Altar,NE,30.7,-111.8167,45.0,82,0,2.75,clear sky
401,San Buenaventura,NE,27.0833,-101.5333,69.01,55,40,4.61,scattered clouds
402,Drumheller,NE,51.4617,-112.7101,5.0,85,0,2.3,clear sky
403,Provideniya,NE,64.3833,-173.3,-10.93,83,61,3.71,broken clouds
404,Zyryanka,NE,65.75,150.85,-31.05,83,100,12.06,overcast clouds
405,Bikaner,NE,28.0167,73.3,54.28,44,0,2.51,clear sky
406,Saint-Joseph,NE,-21.3667,55.6167,84.2,61,0,10.36,light rain
407,Zaraza,NE,9.3503,-65.3245,87.12,46,0,6.49,clear sky
408,Jian,NE,27.1172,114.9793,50.68,65,96,4.72,overcast clouds
409,Qinzhou,NE,21.95,108.6167,64.36,75,14,7.67,few clouds
410,San Pedro,NE,14.35,121.0167,75.2,64,20,6.91,few clouds
411,Ruiz,NE,21.95,-105.15,51.8,87,1,1.77,clear sky
412,Strezhevoy,NE,60.7333,77.5889,-23.8,62,0,13.42,clear sky
413,Phanat Nikhom,NE,13.4458,101.1844,84.0,60,87,5.84,light rain
414,Sao Borja,NE,-28.6606,-56.0044,87.6,63,39,9.55,scattered clouds
415,Bertoua,NE,4.5833,13.6833,97.54,16,72,3.76,broken clouds
416,Folldal,NE,62.1325,9.9968,11.07,88,0,4.38,clear sky
417,Aras,NE,42.5617,-2.356,46.99,86,36,5.01,scattered clouds
418,Hervey Bay,NE,-25.2986,152.8535,73.0,81,4,4.0,clear sky
419,Salinas,NE,36.6777,-121.6555,46.4,81,90,13.8,overcast clouds
420,Luderitz,NE,-26.6481,15.1594,76.3,46,0,28.14,clear sky
421,Ayan,NE,56.45,138.1667,-3.69,83,100,2.95,overcast clouds
422,Gladstone,NE,-23.85,151.25,77.0,73,33,6.91,light rain
423,Yacuiba,NE,-22.038,-63.6797,93.02,41,0,5.21,clear sky
424,Zlobin,NE,45.2924,14.6541,50.0,76,20,8.05,few clouds
425,Zhigansk,NE,66.7697,123.3711,-46.16,76,100,5.61,overcast clouds
426,Port Lincoln,NE,-34.7333,135.8667,60.53,78,16,14.18,few clouds
427,Millville,NE,39.4021,-75.0393,30.0,79,1,10.36,clear sky
428,Yaan,NE,7.3833,8.5667,100.35,8,1,7.47,clear sky
429,Punta Alta,NE,-38.8759,-62.0736,70.88,32,100,18.43,overcast clouds
430,Green Valley,NE,31.8543,-110.9937,43.0,87,1,4.61,clear sky
431,Asfi,NE,32.2994,-9.2372,63.61,75,16,13.87,few clouds
432,Svetlyy,NE,54.675,20.1347,32.0,74,75,13.42,broken clouds
433,Port Hedland,NE,-20.3167,118.5667,82.4,69,40,10.36,scattered clouds
434,Cortez,NE,37.3489,-108.5859,30.2,74,90,3.44,overcast clouds
435,Solnechnyy,NE,50.7214,136.6319,-6.29,89,100,1.74,overcast clouds
436,Lockhart,NE,28.6194,-81.4426,64.99,55,1,5.75,clear sky
437,Batagay-Alyta,NE,67.8006,130.4114,-33.59,81,99,1.86,overcast clouds
438,Tomatlan,NE,19.9333,-105.25,78.03,38,0,2.59,clear sky
439,Tingo Maria,NE,-9.2895,-76.0088,71.6,88,90,0.89,overcast clouds
440,West Wendover,NE,40.7391,-114.0733,33.8,55,75,4.61,broken clouds
441,Cockburn Town,NE,21.4612,-71.1419,72.18,66,27,17.85,scattered clouds
442,Bonavista,NE,48.6499,-53.1147,30.0,86,97,8.05,overcast clouds
443,Russell,NE,32.3502,-85.1999,44.01,70,90,5.66,overcast clouds
444,Ixtapa,NE,20.7,-105.2,66.2,82,1,2.37,clear sky
445,Amga,NE,60.8953,131.9608,-38.72,79,100,0.81,overcast clouds
446,Karratha,NE,-20.7377,116.8463,82.44,64,98,10.85,overcast clouds
447,Nago,NE,26.5881,127.9761,59.0,81,1,6.91,clear sky
448,Itsukaichi,NE,35.7253,139.2178,30.2,59,1,5.41,clear sky
449,Moyale,NE,3.5167,39.0584,85.69,14,18,14.36,few clouds
450,Maloy,NE,61.9353,5.1136,32.0,93,75,4.61,snow
451,Lagoa,NE,39.05,-27.9833,62.51,89,4,22.53,clear sky
452,Ugoofaaru,NE,5.6667,73.0,81.55,68,96,8.95,overcast clouds
453,Canto Do Buriti,NE,-8.11,-42.9444,86.54,56,90,8.52,overcast clouds
454,Manadhoo,NE,5.7667,73.3833,81.41,67,99,7.65,overcast clouds
455,Bantry,NE,51.6833,-9.45,44.6,87,90,10.36,overcast clouds
456,Jerantut,NE,3.936,102.3626,71.31,80,90,0.96,overcast clouds
457,Sitka,NE,57.0531,-135.33,39.2,60,90,9.22,light snow
458,Middelkerke,NE,51.1558,2.8418,35.6,87,75,18.41,light rain
459,Belawan,NE,3.7755,98.6832,77.0,100,40,3.44,scattered clouds
460,Kincardine,NE,56.0667,-3.7167,39.99,87,75,11.5,broken clouds
461,Mujiayingzi,NE,42.1167,118.7833,8.04,90,31,3.87,scattered clouds
462,Wuwei,NE,37.9281,102.6414,25.9,66,31,5.06,scattered clouds
463,Nemuro,NE,43.3236,145.575,23.4,92,100,16.71,overcast clouds
464,Homer,NE,59.6425,-151.5483,27.0,86,20,3.67,few clouds
465,Balkhash,NE,46.844,74.9804,18.86,91,100,12.26,overcast clouds
466,Immokalee,NE,26.4187,-81.4173,69.8,60,1,8.05,clear sky
467,Coquimbo,NE,-29.9533,-71.3436,66.2,77,40,9.22,scattered clouds
468,Hofn,NE,64.2539,-15.2082,25.27,87,92,23.49,overcast clouds
469,Olafsvik,NE,64.8945,-23.7142,24.53,92,61,21.47,broken clouds
470,Boende,NE,-0.2167,20.8667,71.64,97,100,4.41,very heavy rain
471,Sakakah,NE,29.9697,40.2064,57.2,28,0,4.61,clear sky
472,Manoel Urbano,NE,-8.8389,-69.2597,87.22,58,47,2.66,scattered clouds
473,Rantepao,NE,-2.9701,119.8978,69.33,88,100,0.94,overcast clouds
474,Leningradskiy,NE,69.3833,178.4167,-25.28,84,86,2.53,overcast clouds
475,Ovsyanka,NE,55.9575,92.5519,-25.6,75,0,1.97,clear sky
476,Gezing,NE,47.9178,13.1299,48.2,57,75,9.22,light rain
477,Margate,NE,51.3813,1.3862,39.99,90,100,5.99,overcast clouds
478,Stirion,NE,38.4,22.7167,64.0,51,0,1.99,clear sky
479,Salamanca,NE,40.8333,-6.0,48.0,85,100,21.99,overcast clouds
480,Uinskoye,NE,56.8817,56.5813,25.07,98,100,6.76,overcast clouds
481,Makakilo City,NE,21.3469,-158.0858,71.6,83,40,3.44,scattered clouds
482,Abengourou,NE,6.7297,-3.4964,92.73,41,82,4.14,broken clouds
483,Makat,NE,47.6469,53.3463,28.58,97,94,8.52,overcast clouds
484,Seymchan,NE,62.8833,152.4333,-25.53,83,100,7.05,overcast clouds
485,Myre,NE,69.1036,15.9492,23.0,73,58,8.05,broken clouds
486,San Quintin,NE,30.4833,-115.95,52.9,69,5,4.72,clear sky
487,Sao Filipe,NE,14.8961,-24.4956,78.1,51,100,12.17,overcast clouds
488,Dunda,NE,-8.1167,34.25,74.12,81,99,4.54,light rain
489,Cikupa,NE,-6.2364,106.5083,77.0,88,75,2.3,haze
490,Nola,NE,40.922,14.5329,61.0,63,49,6.35,scattered clouds
491,Muisne,NE,0.6,-80.0333,77.0,100,90,3.44,light rain
492,Zhoukou,NE,33.6333,114.6333,46.02,52,45,5.44,scattered clouds
493,Portland,NE,45.5234,-122.6762,44.01,81,90,13.8,overcast clouds
494,Qaqortoq,NE,60.7167,-46.0333,39.2,33,90,31.07,overcast clouds
495,College,NE,64.8569,-147.8028,-7.6,71,75,1.7,light snow
496,Olinda,NE,-8.0089,-34.8553,84.2,61,40,11.5,scattered clouds
497,La Ciotat,NE,43.1748,5.6045,51.01,87,100,8.99,overcast clouds
498,Atherton,NE,53.5237,-2.4935,42.01,62,100,8.99,overcast clouds
499,Zholymbet,NE,51.7433,71.7122,18.19,88,100,6.29,overcast clouds
500,Utete,NE,-7.986,38.758,82.44,85,89,4.83,light rain
501,Rio Branco,NE,-9.9747,-67.81,80.6,83,75,2.3,light rain
502,Port Macquarie,NE,-31.4333,152.9167,71.01,99,36,10.25,scattered clouds
503,Caruray,NE,10.3094,119.0128,80.6,69,20,13.8,few clouds
504,Slavutych,NE,51.5196,30.7343,26.17,98,100,5.75,light snow
505,Liwale,NE,-9.7667,37.9333,80.13,79,77,4.97,broken clouds
506,Sile,NE,41.1754,29.6133,53.01,76,75,11.5,broken clouds
507,Khorixas,NE,-20.3667,14.9667,86.83,35,66,13.56,light rain
508,Qui Nhon,NE,13.7667,109.2333,72.23,86,47,9.64,scattered clouds
509,Tari,NE,12.4086,4.4914,95.16,10,24,10.58,few clouds
510,Matagami,NE,49.7502,-77.6328,-4.0,84,90,9.22,light snow
511,Amethi,NE,26.15,81.8167,53.92,44,0,5.28,clear sky
512,Igarka,NE,67.4667,86.5833,-34.19,76,0,4.63,clear sky
513,Otjimbingwe,NE,-22.35,16.1333,95.74,17,38,12.33,scattered clouds
514,Boa Vista,NE,2.8197,-60.6733,87.8,51,40,19.57,scattered clouds
515,Maneadero,NE,31.7167,-116.5667,50.0,93,34,3.0,scattered clouds
516,Doaba,NE,33.4244,70.7364,47.8,47,0,0.49,clear sky
517,Shalakusha,NE,62.2247,40.2539,18.55,97,100,7.0,overcast clouds
518,Kencong,NE,-8.2833,113.3667,75.94,87,100,2.48,moderate rain
519,Flin Flon,NE,54.7682,-101.865,10.4,92,90,3.44,light snow
520,Satellite Beach,NE,28.1761,-80.5901,66.99,52,1,6.91,clear sky
521,Nortelandia,NE,-14.4547,-56.8028,90.43,54,63,2.77,broken clouds
522,Manbij,NE,36.5281,37.9549,41.0,93,75,6.91,broken clouds
523,Kjollefjord,NE,70.9457,27.3465,26.24,96,100,20.0,light snow
524,Akureyri,NE,65.6835,-18.0878,21.2,68,75,9.22,broken clouds
525,Aksay,NE,47.26,39.87,44.01,81,40,6.71,scattered clouds
526,Hawkesbury,NE,45.6001,-74.616,6.8,61,90,3.44,overcast clouds
527,Talaya,NE,61.3833,152.75,-27.94,82,100,6.93,overcast clouds
528,Hurghada,NE,27.2574,33.8129,68.0,34,0,3.44,clear sky
529,Marawi,NE,7.9986,124.2928,67.28,94,99,2.17,overcast clouds
530,Ponta Delgada,NE,37.7333,-25.6667,62.6,94,75,17.27,broken clouds
531,Korla,NE,41.7597,86.1469,26.26,79,0,6.62,clear sky
532,Lata,NE,40.1629,-8.3327,59.0,84,85,3.0,overcast clouds
533,Gwanda,NE,-20.9333,29.0,82.35,59,91,7.74,light rain
534,Tyrma,NE,50.0833,132.1667,-24.34,84,15,3.18,few clouds
535,Tsagan Aman,NE,47.5639,46.7218,39.99,86,68,8.08,broken clouds
536,Evora,NE,38.5667,-7.9,60.8,55,40,19.57,scattered clouds
537,Pringsewu,NE,-5.3582,104.9744,73.96,92,100,3.29,overcast clouds
538,Alabaster,NE,33.2443,-86.8164,46.99,65,90,4.61,overcast clouds
539,Havoysund,NE,70.9963,24.6622,26.6,80,75,18.41,light snow
540,Agadez,NE,19.75,10.25,75.63,17,0,1.81,clear sky
541,Goure,NE,13.9835,10.2704,82.99,10,10,8.01,clear sky
542,Skibbereen,NE,51.55,-9.2667,42.8,93,75,17.27,broken clouds
543,Kralendijk,NE,12.15,-68.2667,84.2,61,40,14.97,scattered clouds
544,Hue,NE,16.4667,107.6,69.8,94,75,2.3,broken clouds
545,Zalantun,NE,48.0,122.7167,-14.71,84,57,1.92,broken clouds
546,Vondrozo,NE,-22.8167,47.2833,75.43,90,10,6.33,light rain
547,Gawler,NE,-34.6,138.7333,60.01,78,25,5.12,scattered clouds
548,Bereda,NE,43.2686,-7.5406,48.0,91,91,11.99,overcast clouds
549,Omaruru,NE,-21.4333,15.9333,89.02,27,94,4.59,overcast clouds
550,Palizada,NE,18.25,-92.0833,75.2,69,20,13.8,few clouds
551,Esil,NE,51.9556,66.4042,19.17,94,100,10.89,overcast clouds
552,Nipawin,NE,53.3668,-104.0009,10.4,92,90,5.75,light snow
553,Arkhara,NE,49.4212,130.0842,-31.22,83,0,3.51,clear sky
554,Shimoda,NE,34.6667,138.95,35.01,74,0,1.01,clear sky
555,Potosi,NE,-19.5836,-65.7531,55.4,38,0,4.25,clear sky
556,Hasaki,NE,35.7333,140.8333,28.4,74,20,3.44,few clouds
557,Megion,NE,61.0296,76.1136,-23.8,62,0,13.42,clear sky
558,San Felipe,NE,10.3399,-68.7425,78.64,65,24,6.22,few clouds
559,Kurmanayevka,NE,52.5093,52.0675,21.51,96,57,10.83,broken clouds
560,Avanigadda,NE,16.0215,80.9181,77.0,73,40,3.44,haze
561,Harboore,NE,56.6175,8.1807,35.01,82,65,15.01,broken clouds
562,Bouna,NE,9.2667,-3.0,100.06,8,0,6.42,clear sky
563,Noyabrsk,NE,63.1994,75.4507,-26.41,83,100,14.27,overcast clouds
564,Khandbari,NE,27.3747,87.2039,47.52,51,1,2.86,clear sky
565,Turukhansk,NE,65.8167,87.9833,-30.69,76,0,5.3,clear sky
566,Tual,NE,-5.6667,132.75,83.5,73,100,9.62,overcast clouds
567,Manama,NE,26.2154,50.5832,68.0,68,0,21.85,clear sky
568,Alofi,NE,-19.0595,-169.9187,75.2,100,100,5.75,moderate rain
569,Latung,NE,5.5,120.8833,81.64,77,96,7.54,overcast clouds
570,Ancud,NE,-41.8697,-73.8203,60.8,55,0,10.36,clear sky
571,Oktyabrskoye,NE,43.0645,44.7417,39.2,87,75,6.71,broken clouds
572,Kerema,NE,-7.9631,145.7785,77.4,84,100,3.56,overcast clouds
573,Svetlaya,NE,46.5389,138.3297,0.95,84,100,13.15,overcast clouds
574,Hoshcha,NE,50.6003,26.6744,24.8,93,90,8.95,heavy snow
575,Garissa,NE,-0.4536,39.6401,91.71,25,0,7.81,clear sky
576,Gimli,NE,50.6336,-96.9907,21.2,86,100,2.3,overcast clouds
577,Le Moule,NE,16.3332,-61.3473,82.4,61,40,9.22,scattered clouds
578,Mastung,NE,29.7994,66.845,50.85,38,0,2.89,clear sky
579,Katobu,NE,-4.9408,122.5276,75.65,92,100,3.74,moderate rain
580,Djambala,NE,-2.5447,14.7533,67.15,98,100,4.9,light rain
581,Henties Bay,NE,-22.116,14.2845,71.01,79,34,4.0,scattered clouds
582,Bac Lieu,NE,9.285,105.7244,76.33,78,99,13.44,overcast clouds
583,Saravan,NE,39.7196,45.6483,35.6,87,75,6.91,broken clouds
584,Senj,NE,44.9894,14.9058,50.0,76,20,8.05,few clouds
585,Gambela,NE,8.25,34.5833,86.29,30,39,1.3,scattered clouds
586,Dongsheng,NE,39.8161,109.9776,22.01,77,0,14.88,clear sky
587,Abancay,NE,-13.6339,-72.8814,51.8,71,20,10.36,few clouds
588,Aberdeen,NE,57.1437,-2.0981,37.4,81,18,5.75,few clouds
589,Ararat,NE,39.8317,44.7049,32.0,93,50,1.14,mist
590,Dwarahat,NE,29.7833,79.4333,38.82,67,0,2.53,clear sky
591,Baracoa,NE,20.3467,-74.4958,73.2,70,69,13.98,broken clouds
592,Matara,NE,5.9485,80.5353,77.85,84,100,2.53,overcast clouds
593,Ikwiriri,NE,-7.9562,38.9716,81.64,84,69,6.35,light rain
594,Nava,NE,28.4167,-100.7667,60.8,88,90,11.5,overcast clouds
595,La Ronge,NE,55.1001,-105.2842,8.6,85,65,1.14,broken clouds
596,Rabat,NE,33.9911,-6.8401,62.01,82,90,6.91,overcast clouds
597,Richards Bay,NE,-28.783,32.0377,83.19,68,77,6.93,broken clouds
598,Rabo De Peixe,NE,37.8,-25.5833,62.6,94,75,17.27,broken clouds
599,Okhotsk,NE,59.3833,143.3,-12.06,79,0,14.67,clear sky
600,Abatskoye,NE,56.2875,70.4555,14.77,94,100,11.65,overcast clouds
601,Nuuk,NE,64.1835,-51.7216,23.0,74,20,4.61,few clouds
602,Taywarah,NE,33.35,64.4167,31.77,80,67,3.51,broken clouds
603,Luanda,NE,-8.8368,13.2343,87.8,55,40,13.8,scattered clouds
604,Tres Arroyos,NE,-38.3739,-60.2798,69.01,34,100,13.82,overcast clouds
605,Maidens,NE,55.3338,-4.8147,41.0,65,20,12.66,few clouds
606,Plerin,NE,48.5425,-2.7798,52.0,87,90,9.22,overcast clouds
607,Nizwa,NE,22.9333,57.5333,62.92,39,0,0.76,clear sky
608,Ashford,NE,51.1459,0.8728,42.01,90,100,5.01,overcast clouds
609,La Asuncion,NE,11.0333,-63.8628,79.95,72,89,11.18,overcast clouds
610,Dunedin,NE,-45.8742,170.5036,54.0,82,31,8.01,scattered clouds
611,Bako,NE,5.7833,36.5667,73.54,47,16,2.19,few clouds
612,Sayyan,NE,15.1718,44.3244,57.18,37,16,4.74,few clouds
613,Rumford,NE,44.5537,-70.5509,12.0,57,92,4.0,overcast clouds
614,Bulgan,NE,48.8125,103.5347,11.3,87,21,9.75,few clouds
615,Hukuntsi,NE,-24.0,21.75,87.82,34,63,6.22,broken clouds
616,Kashi,NE,39.4547,75.9797,26.6,54,0,4.47,clear sky
617,San Ignacio,NE,17.1561,-89.0714,73.99,78,0,5.41,clear sky
618,Omsukchan,NE,62.5333,155.8,-31.7,80,100,7.2,overcast clouds
619,Yuci,NE,37.6803,112.7319,30.2,34,0,2.24,clear sky
620,Minab,NE,27.1467,57.0801,71.6,68,40,6.91,scattered clouds
621,Pitimbu,NE,-7.4706,-34.8086,87.8,51,20,16.11,few clouds
622,Changping,NE,40.2186,116.2197,28.0,63,0,4.47,clear sky
623,Mapiri,NE,-15.25,-68.1667,86.11,53,60,1.97,broken clouds
624,Xining,NE,36.6167,101.7667,16.77,74,83,1.81,broken clouds
625,Tukrah,NE,32.5341,20.5791,62.67,83,0,13.71,clear sky
626,Witu,NE,-2.3889,40.4382,82.4,69,1,13.8,clear sky
627,Sobolevo,NE,54.4299,31.8996,21.97,97,100,11.92,light snow
628,Komatipoort,NE,-25.4332,31.9548,87.01,66,1,5.7,clear sky
629,Kalmunai,NE,7.4167,81.8167,77.94,84,83,6.73,broken clouds
630,Ertil,NE,51.8406,40.8056,22.78,97,96,8.5,overcast clouds
631,Vangaindrano,NE,-23.35,47.6,80.2,80,0,9.44,clear sky
632,Tooele,NE,40.5308,-112.2983,35.01,93,1,5.75,clear sky
633,North Bend,NE,43.4065,-124.2243,45.0,99,100,1.99,overcast clouds
634,Yatou,NE,37.15,122.3833,37.58,79,85,9.08,overcast clouds
635,Plouzane,NE,48.3833,-4.6167,51.8,93,90,19.57,light rain
636,Sept-Iles,NE,50.2001,-66.3821,10.99,52,40,6.91,scattered clouds
637,Rocha,NE,-34.4833,-54.3333,88.3,31,74,14.29,broken clouds
638,Honningsvag,NE,70.9821,25.9704,28.11,96,100,21.7,light snow
639,Ulundi,NE,-28.3352,31.4162,76.12,86,86,3.91,light rain
640,Bukachacha,NE,52.9833,116.9167,-21.05,84,100,1.3,overcast clouds
641,Gravdal,NE,68.1214,13.5031,26.64,88,1,6.62,clear sky
642,Gobabis,NE,-22.45,18.9667,86.76,26,72,7.23,broken clouds
643,Semme,NE,46.1963,1.5007,48.99,87,90,14.97,overcast clouds
644,Iturama,NE,-19.7281,-50.1956,90.21,47,14,2.13,few clouds
645,San Jeronimo,NE,-11.9472,-75.2829,57.69,56,77,0.74,broken clouds
646,Monte Gordo,NE,37.1819,-7.4523,66.99,52,20,17.27,few clouds
647,Abu Dhabi,NE,24.4667,54.3667,75.2,50,0,5.75,clear sky
648,Kimbe,NE,-5.5502,150.1429,77.95,87,91,3.8,overcast clouds
649,Laguna,NE,38.421,-121.4238,43.0,81,90,3.2,overcast clouds
650,Dzhebariki-Khaya,NE,62.2167,135.8,-50.17,75,69,1.16,broken clouds
651,Kindu,NE,-2.95,25.95,82.87,65,100,1.25,overcast clouds
652,Bronnoysund,NE,65.4625,12.1997,28.4,74,20,2.3,few clouds
653,Fredericton,NE,45.9454,-66.6656,12.2,52,1,9.22,clear sky
654,Touros,NE,-5.1989,-35.4608,84.2,74,40,18.41,scattered clouds
655,Linjiang,NE,41.8069,126.9078,0.82,86,0,1.36,clear sky
656,Mersing,NE,2.4312,103.8405,78.8,78,86,11.5,overcast clouds
657,Manaure,NE,11.7751,-72.4445,84.06,52,15,19.46,few clouds
658,Alakurtti,NE,66.9672,30.3491,12.99,88,100,1.99,light snow
659,Kopayhorod,NE,48.8592,27.7969,30.99,87,53,5.84,broken clouds
660,Puerto Escondido,NE,15.85,-97.0667,78.8,83,1,8.05,clear sky
661,Ratnagiri,NE,16.9833,73.3,77.61,62,0,9.08,clear sky
662,Bilibino,NE,68.0546,166.4372,-26.68,80,2,4.97,clear sky
663,Antofagasta,NE,-23.65,-70.4,73.99,64,20,12.66,few clouds
664,Iroquois Falls,NE,48.7669,-80.6831,-2.2,78,90,2.3,light snow
665,Artsyz,NE,45.9919,29.4182,36.57,97,100,5.97,overcast clouds
666,Shelton,NE,41.3165,-73.0932,19.99,45,1,12.66,clear sky
667,Mandiana,NE,10.6333,-8.6833,98.64,9,0,6.82,clear sky
668,Tanete,NE,-3.9443,119.7848,77.58,83,100,5.12,overcast clouds
669,Zhezkazgan,NE,47.8043,67.7144,19.83,95,100,9.62,overcast clouds
670,Barkhan,NE,29.8977,69.5256,52.12,35,1,3.27,clear sky
671,Deputatskiy,NE,69.3,139.9,-32.35,86,98,1.95,overcast clouds
672,Sorland,NE,67.667,12.6934,30.96,91,13,8.68,light snow
673,Mao,NE,39.8885,4.2658,62.6,59,20,13.8,few clouds
674,Gizo,NE,-8.103,156.8419,83.73,78,64,18.9,broken clouds
675,Westport,NE,41.1415,-73.3579,19.99,45,1,12.66,clear sky
676,Dali,NE,25.7,100.1833,44.69,74,1,5.41,clear sky
677,Kathmandu,NE,27.7167,85.3167,48.2,57,20,3.44,few clouds
678,Manzhouli,NE,49.6,117.4333,-17.72,87,100,4.27,overcast clouds
679,Ampanihy,NE,-24.7,44.75,79.32,80,79,3.83,light rain
680,Dangriga,NE,16.9692,-88.2321,73.99,88,75,12.59,broken clouds
681,Adrasmon,NE,40.6472,69.9856,42.8,42,40,11.18,scattered clouds
682,Magadi,NE,12.9667,77.2333,77.0,60,55,8.05,broken clouds
683,Motema,NE,8.6,-11.0333,96.96,15,0,4.83,clear sky
684,Ayna,NE,-12.65,-73.9167,64.4,52,75,8.05,broken clouds
685,Gombe,NE,10.2897,11.1673,87.8,15,10,13.8,haze
686,Saint-Pierre,NE,-21.3393,55.4781,84.2,61,0,10.36,light rain
687,Ostrovnoy,NE,68.0531,39.5131,11.14,94,100,11.59,overcast clouds
688,Taybad,NE,34.74,60.7756,57.92,31,100,13.35,overcast clouds
689,Shahumyan,NE,39.9385,44.5697,32.0,93,37,1.14,mist
690,Ketchikan,NE,55.3422,-131.6461,35.6,100,20,8.05,few clouds
691,Swan Hill,NE,-35.3378,143.5544,62.87,67,0,10.49,clear sky
692,Vidim,NE,56.4088,103.1106,-34.83,81,93,5.41,overcast clouds
693,Teknaf,NE,20.8624,92.3058,69.08,64,19,10.74,few clouds
694,Vestmannaeyjar,NE,63.4427,-20.2734,33.8,75,75,9.22,broken clouds
695,Port Moresby,NE,-9.4431,147.1797,75.2,94,75,11.5,moderate rain
696,Umm Lajj,NE,25.0213,37.2685,70.11,48,0,18.48,clear sky
697,Maua,NE,-23.6678,-46.4614,89.01,35,0,11.5,clear sky
698,Sheridan,NE,44.8333,-106.9173,28.99,74,75,4.61,broken clouds
699,Mazamari,NE,-11.3258,-74.5308,73.17,78,100,1.99,overcast clouds
700,Hearst,NE,49.6835,-83.6665,-4.0,84,10,2.3,clear sky
701,Chekmagush,NE,55.1319,54.6556,27.16,97,100,10.58,overcast clouds
702,Kenai,NE,60.5544,-151.2583,1.4,85,1,5.41,clear sky
703,Donja Dubica,NE,45.075,18.4114,55.4,67,0,5.75,clear sky
704,Bahia Honda,NE,22.9036,-83.1592,71.91,62,11,12.48,few clouds
705,Foam Lake,NE,51.65,-103.5343,17.6,86,90,3.44,overcast clouds
706,Plymouth,NE,41.8334,-70.8328,16.0,48,1,8.05,clear sky
707,Mount Pleasant,NE,32.7941,-79.8626,48.2,46,1,3.44,clear sky
708,Puno,NE,-15.8333,-70.0333,57.2,33,0,3.44,clear sky
709,Klyuchi,NE,52.2667,79.1667,8.29,95,34,7.05,scattered clouds
710,Mawlamyine,NE,16.4914,97.6256,76.59,76,55,3.13,broken clouds
711,Yima,NE,34.7381,111.8839,48.0,99,96,7.96,overcast clouds
712,Hay River,NE,60.8156,-115.7999,-22.0,76,88,1.14,overcast clouds
713,Vardo,NE,70.3705,31.1107,30.2,74,75,25.32,light snow
714,Sembe,NE,1.6481,14.5806,79.52,82,98,2.64,light rain
715,Yumen,NE,40.2833,97.2,24.8,73,0,23.94,clear sky
716,Haines Junction,NE,60.7522,-137.5108,-18.4,69,100,2.3,overcast clouds
717,Progreso,NE,21.2833,-89.6667,73.99,56,40,5.75,scattered clouds
718,Rorvik,NE,64.8621,11.2373,29.23,96,85,11.92,overcast clouds
719,Chalisgaon,NE,20.4667,75.0167,72.57,27,0,5.7,clear sky
